{
  "DataVersion": 1,
  "Entities": [
    {
      "id": "{00000000-0000-0000-0000-000000000001}",
      "type": "Model",
      "name": "CubeWLight",
      "position": {
        "x": 27.896854400634766,
        "y": 10.160404205322266,
        "z": 183.63247680664062
      },
      "dimensions": {
        "x": 1000,
        "y": 1000,
        "z": 1000
      },
      "rotation": {
        "x": 0,
        "y": 0,
        "z": 0,
        "w": 1
      },
      "modelURL": "/local-assets/CubeWLight.glb",
      "useOriginalPivot": true,
      "grab": {
        "grabbable": false
      }
    }
  ]
}